{
  "time": "2021-08-23",
  "data": {"1": {"Indicator": 1.07, "newCase": 24, "caseDensity": 0.8047550432276658}, "2": {"Indicator": 1.48, "newCase": 21, "caseDensity": 4.646203799235297}, "3": {"Indicator": 1.18, "newCase": 6, "caseDensity": 1.8127413127413128}, "4": {"Indicator": 1.26, "newCase": 5, "caseDensity": 2.0082628929622945}, "5": {"Indicator": 1.2, "newCase": 4, "caseDensity": 1.3984771573604062}, "6": {"Indicator": 1.28, "newCase": 26, "caseDensity": 5.148000000000001}, "7": {"Indicator": 1.23, "newCase": 13, "caseDensity": 2.3511012818198234}, "8": {"Indicator": 1.23, "newCase": 7, "caseDensity": 2.54539641943734}, "9": {"Indicator": 1.16, "newCase": 20, "caseDensity": 3.6562600579336983}, "10": {"Indicator": 1.09, "newCase": 4, "caseDensity": 0.7738666184055741}, "11": {"Indicator": 1.12, "newCase": 21, "caseDensity": 2.4527114267269208}, "12": {"Indicator": 1.19, "newCase": 1, "caseDensity": 0.34242941064999055}, "13": {"Indicator": 1.42, "newCase": 10, "caseDensity": 5.555367994598244}, "14": {"Indicator": 1.14, "newCase": 36, "caseDensity": 2.2206755373592633}, "15": {"Indicator": 1.14, "newCase": 0, "caseDensity": 0.0}, "16": {"Indicator": 1.16, "newCase": 21, "caseDensity": 2.6816893537184145}, "17": {"Indicator": 1.3, "newCase": 43, "caseDensity": 6.222618066187728}, "18": {"Indicator": 1.19, "newCase": 9, "caseDensity": 2.623920439675478}, "19": {"Indicator": 1.28, "newCase": 11, "caseDensity": 5.000396667988893}, "20": {"Indicator": 1.14, "newCase": 4, "caseDensity": 0.8080305292848847}, "21": {"Indicator": 1.12, "newCase": 22, "caseDensity": 2.781894329896907}, "22": {"Indicator": 1.23, "newCase": 20, "caseDensity": 4.586683821164362}, "23": {"Indicator": 1.15, "newCase": 4, "caseDensity": 0.9501958589815334}, "24": {"Indicator": 1.43, "newCase": 21, "caseDensity": 6.069006762662741}, "25": {"Indicator": 1.4, "newCase": 21, "caseDensity": 4.038699944245843}, "26": {"Indicator": 1.15, "newCase": 37, "caseDensity": 2.46687778158165}, "27": {"Indicator": 1.13, "newCase": 27, "caseDensity": 2.0411698619215017}, "28": {"Indicator": 1.28, "newCase": 1, "caseDensity": 0.476209636857459}, "29": {"Indicator": 1.27, "newCase": 10, "caseDensity": 3.967955691820789}, "30": {"Indicator": 1.32, "newCase": 13, "caseDensity": 3.693472996564735}, "31": {"Indicator": 1.16, "newCase": 13, "caseDensity": 2.1523236962982977}, "32": {"Indicator": 1.38, "newCase": 20, "caseDensity": 5.7804398355086715}, "33": {"Indicator": 1.2, "newCase": 8, "caseDensity": 1.932491500728509}, "34": {"Indicator": 1.17, "newCase": 7, "caseDensity": 1.4892584892584892}, "35": {"Indicator": 1.46, "newCase": 19, "caseDensity": 5.307185811067976}, "36": {"Indicator": 1.29, "newCase": 9, "caseDensity": 1.9147329109143552}, "37": {"Indicator": 1.34, "newCase": 11, "caseDensity": 3.7801133679735477}, "38": {"Indicator": 1.13, "newCase": 8, "caseDensity": 1.5035882207374411}, "39": {"Indicator": 1.21, "newCase": 20, "caseDensity": 3.622826648304355}, "40": {"Indicator": 1.1, "newCase": 8, "caseDensity": 1.0913990568156298}, "41": {"Indicator": 1.02, "newCase": 1, "caseDensity": 0.11223829052449816}, "42": {"Indicator": 1.13, "newCase": 11, "caseDensity": 1.102184509839321}, "43": {"Indicator": 1.22, "newCase": 13, "caseDensity": 2.7544260422615645}, "44": {"Indicator": 1.57, "newCase": 6, "caseDensity": 2.469156066201614}, "45": {"Indicator": 1.27, "newCase": 25, "caseDensity": 3.3694871426519177}, "46": {"Indicator": 1.33, "newCase": 13, "caseDensity": 4.3336072828423315}, "47": {"Indicator": 1.37, "newCase": 12, "caseDensity": 2.8572696018631474}, "48": {"Indicator": 1.16, "newCase": 2, "caseDensity": 0.37179638596905634}, "49": {"Indicator": 1.16, "newCase": 6, "caseDensity": 1.477877451725711}, "50": {"Indicator": 1.2, "newCase": 2, "caseDensity": 0.4877927564142387}, "51": {"Indicator": 1.65, "newCase": 23, "caseDensity": 4.600091208311853}, "52": {"Indicator": 1.21, "newCase": 5, "caseDensity": 0.980323424939241}, "53": {"Indicator": 1.33, "newCase": 6, "caseDensity": 2.307574890288113}, "54": {"Indicator": 1.21, "newCase": 7, "caseDensity": 1.416867469879518}, "55": {"Indicator": 1.37, "newCase": 5, "caseDensity": 1.6076842903164676}, "56": {"Indicator": 1.15, "newCase": 6, "caseDensity": 1.2821487996196814}, "57": {"Indicator": 1.42, "newCase": 7, "caseDensity": 4.1175754413427255}, "58": {"Indicator": 1.21, "newCase": 2, "caseDensity": 0.8658074298711145}, "59": {"Indicator": 1.49, "newCase": 11, "caseDensity": 5.046041909196741}, "60": {"Indicator": 1.4, "newCase": 3, "caseDensity": 2.564017800381437}, "61": {"Indicator": 2.26, "newCase": 12, "caseDensity": 11.88140024230058}, "62": {"Indicator": 1.47, "newCase": 4, "caseDensity": 1.5037650250222159}, "63": {"Indicator": 1.3, "newCase": 1, "caseDensity": 0.2808921036769138}, "64": {"Indicator": 1.47, "newCase": 7, "caseDensity": 4.374930228849374}, "65": {"Indicator": 1.53, "newCase": 5, "caseDensity": 2.9763473676909205}, "66": {"Indicator": 1.52, "newCase": 3, "caseDensity": 2.6548727498448166}, "67": {"Indicator": 1.51, "newCase": 2, "caseDensity": 2.2221937467965147}, "68": {"Indicator": 1.37, "newCase": 4, "caseDensity": 2.2725746894931187}, "69": {"Indicator": 1.53, "newCase": 8, "caseDensity": 8.421379578102757}, "70": {"Indicator": 1.16, "newCase": 16, "caseDensity": 1.799971301477974}, "71": {"Indicator": 1.52, "newCase": 5, "caseDensity": 3.5714285714285716}, "72": {"Indicator": 2.45, "newCase": 7, "caseDensity": 10.93770249004906}, "73": {"Indicator": 2.21, "newCase": 20, "caseDensity": 14.388959328976885}, "74": {"Indicator": 10.21, "newCase": 10, "caseDensity": 23.809293580445875}, "75": {"Indicator": 3.44, "newCase": 27, "caseDensity": 19.852839821314614}, "76": {"Indicator": 2.08, "newCase": 15, "caseDensity": 8.196883358530062}, "77": {"Indicator": 2.7, "newCase": 96, "caseDensity": 26.05033908333713}, "78": {"Indicator": 1.9, "newCase": 11, "caseDensity": 7.236890498746169}, "79": {"Indicator": 1.33, "newCase": 9, "caseDensity": 6.382936768765611}, "80": {"Indicator": 1.65, "newCase": 9, "caseDensity": 6.2497468537537975}, "81": {"Indicator": 1.7, "newCase": 15, "caseDensity": 8.670572602077797}, "82": {"Indicator": 1.68, "newCase": 27, "caseDensity": 8.79448364336113}, "83": {"Indicator": 1.56, "newCase": 5, "caseDensity": 3.6232498939329654}, "84": {"Indicator": 1.96, "newCase": 8, "caseDensity": 6.611735972748891}, "85": {"Indicator": 1.69, "newCase": 22, "caseDensity": 9.649228797656644}, "86": {"Indicator": 1.61, "newCase": 1, "caseDensity": 0.6578736476559369}, "87": {"Indicator": 1.25, "newCase": 13, "caseDensity": 2.658683385579937}, "88": {"Indicator": 1.78, "newCase": 9, "caseDensity": 4.761934843425683}, "89": {"Indicator": 1.35, "newCase": 9, "caseDensity": 5.660079443892751}, "90": {"Indicator": 1.3, "newCase": 7, "caseDensity": 2.6516775720451067}, "91": {"Indicator": 1.51, "newCase": 3, "caseDensity": 2.0546945395566767}, "92": {"Indicator": 1.5, "newCase": 8, "caseDensity": 4.23293002193448}, "93": {"Indicator": 1.67, "newCase": 15, "caseDensity": 4.0214334470989765}, "94": {"Indicator": 1.55, "newCase": 10, "caseDensity": 5.952331172904035}, "95": {"Indicator": 1.73, "newCase": 18, "caseDensity": 6.405490401624845}, "96": {"Indicator": 1.31, "newCase": 7, "caseDensity": 3.6270058351568197}, "97": {"Indicator": 1.67, "newCase": 2, "caseDensity": 1.7094508301404854}, "98": {"Indicator": 1.22, "newCase": 12, "caseDensity": 2.580891841514123}, "99": {"Indicator": 1.27, "newCase": 8, "caseDensity": 2.580506706408346}, "100": {"Indicator": 1.39, "newCase": 7, "caseDensity": 4.242531945502242}, "101": {"Indicator": 1.22, "newCase": 5, "caseDensity": 2.040626164740962}, "102": {"Indicator": 1.5, "newCase": 11, "caseDensity": 6.918163360924567}, "103": {"Indicator": 1.21, "newCase": 5, "caseDensity": 1.5432505435140653}, "104": {"Indicator": 3.08, "newCase": 14, "caseDensity": 10.370422820149706}, "105": {"Indicator": 1.32, "newCase": 5, "caseDensity": 2.1931265831450673},